{
	"linesegment_28631010" : 	{
		"commands" : 		{
			"0" : [ "pen_size", 1 ],
			"1" : [ "color", 0.0, 0.501961, 0.0, 1.0 ],
			"2" : [ "line", 0, 240, 980, 240 ]
		}
,
		"info" : 		{
			"origin" : [ 0.0, 0.0 ],
			"a" : [ 1.0, 0.0, 0.0, "no", 0, 1.0 ],
			"b" : [ 0.0, 1.0, 0.0, "no", 0, 1.0 ],
			"hide" : 0,
			"transform_mode" : 0,
			"draw_axes" : 0,
			"transform" : [ 1.0, 0.0, 0.0, 1.0, 0.0, 0.0 ]
		}
,
		"anchors" : 		{
			"0" : [ 490.0, 240.0, 4.0, "yes", 0 ]
		}

	}
,
	"linesegment_28702038" : 	{
		"commands" : 		{
			"0" : [ "pen_size", 1 ],
			"1" : [ "color", 0.0, 0.501961, 0.0, 1.0 ],
			"2" : [ "line", 0, 120, 980, 120 ]
		}
,
		"info" : 		{
			"origin" : [ 0.0, 240.0 ],
			"a" : [ 1.0, 0.0, 0.0, "no", 0, 1.0 ],
			"b" : [ 0.0, 1.0, 0.0, "no", 0, 1.0 ],
			"hide" : 0,
			"transform_mode" : 0,
			"draw_axes" : 0,
			"transform" : [ 1.0, 0.0, 0.0, 1.0, 0.0, 0.0 ]
		}
,
		"anchors" : 		{
			"0" : [ 490.0, 120.0, 4.0, "yes", 0 ]
		}

	}
,
	"linesegment_28712717" : 	{
		"commands" : 		{
			"0" : [ "pen_size", 1 ],
			"1" : [ "color", 0.0, 0.501961, 0.0, 1.0 ],
			"2" : [ "line", 0, 120, 980, 120 ]
		}
,
		"info" : 		{
			"origin" : [ 0.0, 360.0 ],
			"a" : [ 1.0, 0.0, 0.0, "no", 0, 1.0 ],
			"b" : [ 0.0, 1.0, 0.0, "no", 0, 1.0 ],
			"hide" : 0,
			"transform_mode" : 0,
			"draw_axes" : 0,
			"transform" : [ 1.0, 0.0, 0.0, 1.0, 0.0, 0.0 ]
		}
,
		"anchors" : 		{
			"0" : [ 490.0, 120.0, 4.0, "yes", 0 ]
		}

	}
,
	"linesegment_11" : 	{
		"commands" : 		{
			"0" : [ "pen_size", 1 ],
			"1" : [ "color", 0.0, 0.501961, 0.0, 1.0 ],
			"2" : [ "line", 0, 120, 980, 120 ]
		}
,
		"info" : 		{
			"origin" : [ 0.0, 0.0 ],
			"a" : [ 1.0, 0.0, 0.0, "no", 0, 1.0 ],
			"b" : [ 0.0, 1.0, 0.0, "no", 0, 1.0 ],
			"hide" : 0,
			"transform_mode" : 0,
			"draw_axes" : 0,
			"transform" : [ 1.0, 0.0, 0.0, 1.0, 0.0, 0.0 ]
		}
,
		"anchors" : 		{
			"0" : [ 490.0, 120.0, 4.0, "yes", 0 ]
		}

	}

}
