{
	"pattrstorage" : 	{
		"name" : "u199005751",
		"slots" : 		{
			"1" : 			{
				"id" : 1,
				"data" : 				{
					"jk.iphone-umenu[1]::umenu" : [ 6 ],
					"chebyshev" : [ 0.38983, 0.288136, 0.898305, 0.338983, 0.466102, 0.90678, 0.79661, 0.355932 ],
					"drawing" : [ 3.0, 3.0, 3.0, 3.0, 3.0, 3.0, 3.0, 3.0, 3.0, 3.0, 3.0, 3.0, 3.0, 3.0, 3.0, 3.0, 3.0, 3.0, 3.0, 3.0, 3.0, 3.0, 3.0, 3.0, 3.0, 3.0, 3.0, 3.0, 3.0, 3.0, 3.0, 3.0, 3.0, 3.0, 3.0, 3.0, 3.0, 3.0, 3.0, 3.0, 3.0, 3.0, 3.0, 3.0, 3.0, 3.0, 3.0, 3.0, 3.0, 3.0, 3.0, 3.0, 3.0, 3.0, 3.0, 3.0, 3.0, 3.0, 3.0, 3.0, 3.0, 3.0, 3.0, 3.0, 3.0, 3.0, 3.0, 3.0, 3.0, 3.0, 3.0, 3.0, 3.0, 3.0, 3.0, 3.0, 3.0, 3.0, 3.0, 3.0, 3.0, 3.0, 3.0, 3.0, 3.0, 3.0, 3.0, 3.0, 3.0, 3.0, 3.0, 3.0, 3.0, 3.0, 3.0, 3.0, 3.0, 3.0, 3.0, 3.0, 3.0, 3.0, 3.0, 3.0, 3.0, 3.0, 3.0, 3.0, 3.0, 3.0, 3.0, 3.0, 3.0, 3.0, 3.0, 3.0, 3.0, 3.0, 3.0, 3.0, 3.0, 3.0, 3.0, 3.0, 3.0, 3.0, 3.0, 3.0, 3.0, 3.0, 3.0, 3.0, 3.0, 3.0, 3.0, 3.0, 3.0, 3.0, 3.0, 3.0, 3.0, 3.0, 3.0, 3.0, 3.0, 3.0, 3.0, 3.0, 3.0, 3.0, 3.0, 3.0, 3.0, 3.0, 3.0, 3.0, 3.0, 3.0, 3.0, 3.0, 3.0, 3.0, 3.0, 3.0, 3.0, 3.0, 3.0, 3.0, 3.0, 3.0, 3.0, 3.0, 3.0, 3.0, 3.0, 3.0, 3.0, 3.0, 3.0, 3.0, 3.0, 3.0, 3.0, 3.0, 3.0, 3.0, 2.614579, 2.07399, 1.601203, 1.189974, 0.834503, 0.5294, 0.269665, 0.050677, -0.131843, -0.281836, -0.402934, -0.498473, -0.57151, -0.624841, -0.661016, -0.682357, -0.690968, -0.688751, -0.677422, -0.65852, -0.633421, -0.603349, -0.569387, -0.53249, -0.493492, -0.453117, -0.411986, -0.37063, -0.329495, -0.288949, -0.249294, -0.210766, -0.173548, -0.137771, -0.103522, -0.070853, -0.039778, -0.010285, 0.017664, 0.044128, 0.06918, 0.092909, 0.115413, 0.136797, 0.157171, 0.176646, 0.195335, 0.213347, 0.230789, 0.24776, 0.264354, 0.280659, 0.296752, 0.312701, 0.328563, 0.344386, 0.360206, 0.376048, 0.391925, 0.40784, 0.423784, 0.439736, 0.455667, 0.471534, 0.487288, 0.502869, 0.518207, 0.533226, 0.547843, 0.561966, 0.5755, 0.588345, 0.600393, 0.611538, 0.62167, 0.630676, 0.638444, 0.644862, 0.64982, 0.653209, 0.654925, 0.654865, 0.652934, 0.649041, 0.643101, 0.635037, 0.624779, 0.612266, 0.597446, 0.580277, 0.560726, 0.538773, 0.514407, 0.48763, 0.458454, 0.426905, 0.393021, 0.356851, 0.31846, 0.277921, 0.235323, 0.190767, 0.144365, 0.096241, 0.046534, -0.004609, -0.05703, -0.110556, -0.16501, -0.220201, -0.27593, -0.331992, -0.388173, -0.444251, -0.5, -0.55519, -0.609585, -0.662948, -0.715038, -0.765616, -0.814442, -0.861276, -0.905884, -0.948034, -0.987498, -1.024057, -1.057497, -1.087616, -1.11422, -1.137128, -1.156169, -1.171188, -1.182047, -1.188622, -1.190807, -1.188515, -1.18168, -1.170257, -1.154221, -1.133574, -1.108338, -1.078563, -1.044324, -1.00572, -0.962881, -0.915961, -0.865145, -0.810643, -0.752695, -0.69157, -0.627565, -0.561003, -0.492237, -0.421645, -0.349634, -0.276633, -0.203097, -0.129504, -0.056351, 0.015842, 0.086542, 0.155197, 0.221245, 0.284112, 0.34322, 0.397986, 0.447826, 0.492164, 0.53043, 0.562067, 0.586538, 0.603329, 0.611954, 0.611964, 0.602952, 0.58456, 0.556484, 0.518488, 0.470405, 0.412151, 0.343731, 0.265251, 0.176926, 0.079094, -0.027777, -0.143074, -0.266029, -0.395701, -0.530971, -0.670518, -0.812812, -0.956096, -1.098366, -1.23736, -1.37054, -1.495067, -1.60779, -1.705222, -1.783521, -1.838469, -1.865447, -1.859418, -1.814895, -1.725926, -1.586059, -1.388324, -1.1252, -0.788587, -0.369785, 0.140549, 0.752423, 1.476544, 2.324354, 3.0, 3.0, 3.0, 3.0, 3.0, 3.0, 3.0, 3.0, 3.0, 3.0, 3.0, 3.0, 3.0, 3.0, 3.0, 3.0, 3.0, 3.0, 3.0, 3.0, 3.0, 3.0, 3.0, 3.0, 3.0, 3.0, 3.0, 3.0, 3.0, 3.0, 3.0, 3.0, 3.0, 3.0, 3.0, 3.0, 3.0, 3.0, 3.0, 3.0, 3.0, 3.0, 3.0, 3.0, 3.0, 3.0, 3.0, 3.0, 3.0, 3.0, 3.0, 3.0, 3.0, 3.0, 3.0, 3.0, 3.0, 3.0, 3.0, 3.0, 3.0, 3.0, 3.0, 3.0, 3.0, 3.0, 3.0, 3.0, 3.0, 3.0, 3.0, 3.0, 3.0, 3.0, 3.0, 3.0, 3.0, 3.0, 3.0, 3.0, 3.0, 3.0, 3.0, 3.0, 3.0, 3.0, 3.0, 3.0, 3.0, 3.0, 3.0, 3.0, 3.0, 3.0, 3.0, 3.0, 3.0, 3.0, 3.0, 3.0, 3.0, 3.0, 3.0, 3.0, 3.0, 3.0, 3.0, 3.0, 3.0, 3.0, 3.0, 3.0, 3.0, 3.0, 3.0, 3.0, 3.0, 3.0, 3.0, 3.0, 3.0, 3.0, 3.0, 3.0, 3.0, 3.0, 3.0, 3.0, 3.0, 3.0, 3.0, 3.0, 3.0, 3.0, 3.0, 3.0, 3.0, 3.0, 3.0, 3.0, 3.0, 3.0, 3.0, 3.0, 3.0, 3.0, 3.0, 3.0, 3.0, 3.0, 3.0, 3.0, 3.0, 3.0, 3.0, 3.0, 3.0, 3.0, 3.0, 3.0, 3.0, 3.0, 3.0, 3.0, 3.0, 3.0, 3.0, 3.0, 3.0, 3.0, 3.0, 3.0, 3.0, 3.0, 3.0, 3.0, 3.0, 3.0, 3.0, 3.0, 3.0, 3.0, 3.0, 3.0, 3.0, 3.0, 3.0, 3.0, 3.0, 3.0, 3.0, 3.0, 3.0, 3.0, 3.0, 3.0, 3.0, 3.0, 3.0, 3.0, 3.0, 3.0 ],
					"soft_clip" : [ 1.59 ],
					"zero_pad" : [ 0.961 ],
					"jk.iphone-slider::led" : [ 0 ],
					"jk.iphone-slider::hslider" : [ 91 ],
					"jk.iphone-slider-v[2]::vslider" : [ 213 ]
				}

			}
,
			"2" : 			{
				"id" : 2,
				"data" : 				{
					"jk.iphone-umenu[1]::umenu" : [ 6 ],
					"chebyshev" : [ 0.38983, 0.288136, 0.898305, 0.338983, 0.466102, 0.90678, 0.79661, 0.355932 ],